{"btc":8800,"eth":453.02402869,"neo":37.8,"dash":641.69599999}